{
    "rules": [
      {
        "enabled": true,
        "name": "TestContainerCleanUp",
        "type": "Lifecycle",
        "definition": {
          "actions": {
            "baseBlob": {
              "tierToCool": {
                "daysAfterModificationGreaterThan": 5
              },
               "tierToCold": {
                "daysAfterModificationGreaterThan": 30
              }
            }
          },
          "filters": {
            "blobTypes": [
              "blockBlob"
            ],
            "prefixMatch": [
              "test"
            ]
          }
        }
      }
    ]
  }